No,Nama Pengguna,Komentar,Sentimen,Cleaned_Komentar
1,ag46_id,"Di undang g datang jadi masalah ya, heran",positif,di undang g datang jadi masalah ya heran
2,xsyugar,Katanya pak terawan malah nolak vaksin lohhh,positif,katanya pak terawan malah nolak vaksin lohhh
3,harrysan,Semoga menteri yang baru bisa memberi penjelasan kepada publik,positif,semoga menteri yang baru bisa memberi penjelasan kepada publik
4,yudaherdanto,Mungkin sekarang sudah mau diundang mbak Nana.....#MatanajwaMenantiTerawan,positif,mungkin sekarang sudah mau diundang mbak nanamatanajwamenantiterawan
5,yanuarpdt,"Permisi, mau ngecek yang kemaren ngehujat Mbak Nana karena katanya Pak Terawan kerjanya bagus. Kok Di-reshuffle Pak Jokowi?",positif,permisi mau ngecek yang kemaren ngehujat mbak nana karena katanya pak terawan kerjanya bagus kok direshuffle pak jokowi
6,alfirarizka,??,positif,
7,ssilvianna_e,???? sehat selalu mba nana,positif,sehat selalu mba nana
8,handryi_ar,??,positif,
9,rudyanuar3,Sedih ya mba.. ??????,positif,sedih ya mba
10,______raka,pak terawan maunya diundang sekelas WHO ????,positif,pak terawan maunya diundang sekelas who
11,pudjibas,LEBIH BAIK MENANTI UNDANGAN WHO (ORGANISASI KESEHATAN DUNIA) DARI PADA WHO SATUNYA (SIAPE ELO),positif,lebih baik menanti undangan who organisasi kesehatan dunia dari pada who satunya siape elo
12,suwarno3warna,Rejim yg panik,positif,rejim yg panik
13,mhmmd.reza,"assalmualaikum mba nana, tolong mba dicek dmnya????????",netral,assalmualaikum mba nana tolong mba dicek dmnya
14,qmantolalu,"Sok Tahu Najwa, Kasih sign dr Terawan mundur, emang dikau bisa gantikan dr Terawan yg jujur dan kerja keras? Mikir donk jgn gampang judge org lain ga bisa kerja....",negatif,sok tahu najwa kasih sign dr terawan mundur emang dikau bisa gantikan dr terawan yg jujur dan kerja keras mikir donk jgn gampang judge org lain ga bisa kerja
15,aziz_mulia_,Yg sekarang ini banyak pejabat titipan makanya gk bisa kerja yg penting abs.,positif,yg sekarang ini banyak pejabat titipan makanya gk bisa kerja yg penting abs
16,sragan_bagian_cidro,Aq mundur alon alon....??,positif,aq mundur alon alon
17,cepiabuy,Cakep dah ??,positif,cakep dah
18,dapongdaphong,Gak bertanggung jawab x...,positif,gak bertanggung jawab x
19,07_arif,"Lah, yang penting duitt.. Malu belakangann",positif,lah yang penting duitt malu belakangann
20,amirfrast,Ngomong sendiri Boa ?,negatif,ngomong sendiri boa
21,fatighalkhatiri99,Hahaha ky wong gemblung takon dewek di jawab dewek... Mba sehat,negatif,hahaha ky wong gemblung takon dewek di jawab dewek mba sehat
22,hadiswahidin,Di ambil alih sama luhut ...,positif,di ambil alih sama luhut
23,berkahurung,Tidak Etis,negatif,tidak etis
24,farhanphotovideo,untung ga ada yg berani tangkap najwa??,negatif,untung ga ada yg berani tangkap najwa
25,linamarlianaarby,Siapa dieee??,negatif,siapa dieee
26,muhamadadnan7794,wkwkwkwkwk.....,netral,wkwkwkwkwk
27,gagahnu_graha,"Ya gitu deh, klo gw malu mnding.mengundurkan diri jadi menkes..lawong ga mampu kok",positif,ya gitu deh klo gw malu mndingmengundurkan diri jadi menkeslawong ga mampu kok
28,alan_17084,Kayak Clint Eastwood..,netral,kayak clint eastwood
29,hansmunth,Ini acara Dialog Imajiner Mbak ...??,negatif,ini acara dialog imajiner mbak
30,fmtx.std,Sedih menteri sekelas kursi kosong,positif,sedih menteri sekelas kursi kosong
31,j8astore,Bukan kabur tapi lagi sibuk ngetik surat resign kayanya ia,positif,bukan kabur tapi lagi sibuk ngetik surat resign kayanya ia
32,dr_doom.official,Mana berani buzzeRp dan cebong ngusik Najwa.. ????????,negatif,mana berani buzzerp dan cebong ngusik najwa
33,bahrin476,Gak punya malu pemerintahan sekrng,positif,gak punya malu pemerintahan sekrng
34,fajar_ahmad_1,Mbak najwa nanti di serang buzzer hati2 mbak,positif,mbak najwa nanti di serang buzzer hati mbak
35,hariantoeffendy2134,Apa gak sebaiknya nana aja yg mundur?kalau gagal undang kehadiran menkes??????,negatif,apa gak sebaiknya nana aja yg mundurkalau gagal undang kehadiran menkes
36,aisnovianto29,Mundur mundur mundur gak guna juga Menkes nya,positif,mundur mundur mundur gak guna juga menkes nya
37,2mikhael,"indonesiaku terlalu banyak orang pintar dan cerdas..kita tidak tahu mana yg kerja tulus dan ikhlas begitu juga dengan komentar...semoga pandemi ini bisa berahkir,amin..selalu berpikir positif dan tebar aura positif biar kembali kekita dan sekitar menjadi positif dan lebih baik...",netral,indonesiaku terlalu banyak orang pintar dan cerdaskita tidak tahu mana yg kerja tulus dan ikhlas begitu juga dengan komentarsemoga pandemi ini bisa berahkiraminselalu berpikir positif dan tebar aura positif biar kembali kekita dan sekitar menjadi positif dan lebih baik
38,amatul1971,Mantap mbak najwa...smg di lindungi Alloh,positif,mantap mbak najwasmg di lindungi alloh
39,bakoelajah,Mundur aja kok repot pak,positif,mundur aja kok repot pak
40,heri_yanto12,Gak ada malunya itu menterinya,positif,gak ada malunya itu menterinya
41,kang_sobary,"Ambil gaji paling depan, giliran diminta tanggung jawab ????",positif,ambil gaji paling depan giliran diminta tanggung jawab
42,ceritayepe7441,Gimana gak Takut lah semua Bohong..Mulai dr atas smpe bawah gak satu suara..Pak Terawan jg takut salah ngomong..????????,positif,gimana gak takut lah semua bohongmulai dr atas smpe bawah gak satu suarapak terawan jg takut salah ngomong
43,rifai5272,Ini semua karna menteri yg gatau apa apa.. memalukan,positif,ini semua karna menteri yg gatau apa apa memalukan
44,pahidahlaupe,"Wkwkwk ketawain yg harusnya mba Nana Wawancara,..yakin dia malu bgt mba,..",positif,wkwkwk ketawain yg harusnya mba nana wawancarayakin dia malu bgt mba
45,hnk_reality,Aneh tu kursi ga mau jawabb...takut ga digaji x??,positif,aneh tu kursi ga mau jawabbtakut ga digaji x
46,rahmaarif2018,Minta solusii sama buzzer..undang mrk apa konsep mrk selama ini,positif,minta solusii sama buzzerundang mrk apa konsep mrk selama ini
47,eko_wanderung,Emang Indonesia punya Mentri kesehatan ???,netral,emang indonesia punya mentri kesehatan
48,houtenhendrikvan,Sambil nyengir Menkes menjawab.... Nanti juga sembuh sendiri ??????,positif,sambil nyengir menkes menjawab nanti juga sembuh sendiri
49,setiarsihe,Mantap najwa??,positif,mantap najwa
50,mir44u,Mantaap nadjwa??,positif,mantaap nadjwa
51,eng.gong_,"Hehehehe siaaaaap ajaa pokoknyaa dapat pesangoon besar, atau tetap dapat kompensasi bagi hasil tiap bulannyaaa??????",positif,hehehehe siaaaaap ajaa pokoknyaa dapat pesangoon besar atau tetap dapat kompensasi bagi hasil tiap bulannyaaa
52,rianqurti,Gak becussssss....... ketololan yg mbawa bencana,negatif,gak becussssss ketololan yg mbawa bencana
53,gultikcempaka,Yang Asli Yang Ada Badaknya,netral,yang asli yang ada badaknya
54,ademidhun,Cari perhatian bgt nih mbak nya.. si sama aku ngobrol2 cantik mbak.. Pak terawan bukan org sipil dia militer jauh lebih tau di banding mbak nya..Tidak semua bisa di ungkapkan di public,negatif,cari perhatian bgt nih mbak nya si sama aku ngobrol cantik mbak pak terawan bukan org sipil dia militer jauh lebih tau di banding mbak nyatidak semua bisa di ungkapkan di public
55,jari.maniz,semua berawal dari gornh-gorong,positif,semua berawal dari gornhgorong
56,sabrina.hanny,apa ini definisi diam itu emas?,positif,apa ini definisi diam itu emas
57,bella_nazira,??????,positif,
58,hondawin95,Ga ada lawan,positif,ga ada lawan
59,nalurilakilaki,looh hehhe,positif,looh hehhe
60,adeheranovita,??????,positif,
61,kangandi11,Blm ada di Indonesi pejabat mengundurkan diri??????,positif,blm ada di indonesi pejabat mengundurkan diri
62,tavya97,sindiran halusss??????,positif,sindiran halusss
63,delilahkalia,??????????,positif,
64,_ars_jambi,di CARi pak menkes....kerjaannya diambil pak menteri segala bisa,positif,di cari pak menkeskerjaannya diambil pak menteri segala bisa
65,dyahiswara93,"Ih merinding dengar Mbak Nana ngomong,vralkan Mbak Nana????????????",positif,ih merinding dengar mbak nana ngomongvralkan mbak nana
66,astuti8454,wow kwrwn mbak nana...setidaknya publik tau..pertanyaan seperti itu,positif,wow kwrwn mbak nanasetidaknya publik taupertanyaan seperti itu
67,frans_telaum,Menkes lg tidur...jgn di ganggu,positif,menkes lg tidurjgn di ganggu
68,pa.nda8076,Ngorok...,positif,ngorok
69,teguhbasukireno,Mentetri Terawan lg sawan kali mbak takut ditanyain masalah covid,positif,mentetri terawan lg sawan kali mbak takut ditanyain masalah covid
70,denbagus1972,berani karena BENAR...Why not...,positif,berani karena benarwhy not
71,aef_saepulloho09,Diam tdk jawab artinya iya,positif,diam tdk jawab artinya iya
72,fdsaputra6792,Yg mundur itu harusnya presidenttttt bukan pepsodent.,positif,yg mundur itu harusnya presidenttttt bukan pepsodent
73,blac.kscreen57,maluuuuuu ah,positif,maluuuuuu ah
74,kartosoiryoe,bhahahahahaha,netral,bhahahahahaha
75,mocshwandi,Pak mentrinya lg sibuk mba Najwa,positif,pak mentrinya lg sibuk mba najwa
76,ekobertani,Merenges kasian bangsa ini memainkan permainan yg membahayakan Rakyat nya,positif,merenges kasian bangsa ini memainkan permainan yg membahayakan rakyat nya
77,sanitatousanny20,Good job Najwa !!!,positif,good job najwa
78,wahyuwidodo_ww,Acara tv kok Nyinyir ??,negatif,acara tv kok nyinyir
79,farisindriya,Emang Najwa itu siapa??? Presiden?,negatif,emang najwa itu siapa presiden
80,tarulimarpaun9,"Jangan ngotot juga menkes harus datang, harus dihormati juga keputusan beliau tidak mau datang, bukan malah ngasih pertanyaan sama kursi kosong, maksudnya apa coba?",negatif,jangan ngotot juga menkes harus datang harus dihormati juga keputusan beliau tidak mau datang bukan malah ngasih pertanyaan sama kursi kosong maksudnya apa coba
81,sarina_irena,ckckck..demi rating,negatif,ckckckdemi rating
82,anre2410,hrs nya ga perlu begitu najwa bs menghargai seseorang yg ga mao dtg ini kesannya jd lebai pak mentri pasti punya alasab tertentu dna itu hak dia menolak hadir,negatif,hrs nya ga perlu begitu najwa bs menghargai seseorang yg ga mao dtg ini kesannya jd lebai pak mentri pasti punya alasab tertentu dna itu hak dia menolak hadir
83,srimularsih_asih,Lagi sibuk mbk kasihan bebannya skg berat....??,positif,lagi sibuk mbk kasihan bebannya skg berat
84,shobah90,Menteri nya cemen ??,positif,menteri nya cemen
85,boenmaey,Menteri Goib,positif,menteri goib
86,desykrs,??????????,positif,
87,i_m_frederer,Kursi kog diajak omong? Stress ??,negatif,kursi kog diajak omong stress
88,kurniatikartika_29,Kalau mata Najwa gak nuntut pertanggungjawaban ke pemerintah terus siapa yang mewakili kita-kita? Kita rakyat punya hak buat tahu dan protes bukan cuma diem karena dapat bantuan langsung tunai. Saya paham korona gak selesai dengan mudah tapi kenapa mesti pilkada dibolehin?,positif,kalau mata najwa gak nuntut pertanggungjawaban ke pemerintah terus siapa yang mewakili kitakita kita rakyat punya hak buat tahu dan protes bukan cuma diem karena dapat bantuan langsung tunai saya paham korona gak selesai dengan mudah tapi kenapa mesti pilkada dibolehin
89,christianaindrawati,"Kebablasan...emang Najwa itu siapa, mau ngatur2 menteri",negatif,kebablasanemang najwa itu siapa mau ngatur menteri
90,masinambowjoyceirene,Emang gampang ngurusin Covid..,negatif,emang gampang ngurusin covid
91,ema_maeemana,??,positif,
92,gra_medsos,Wuhahahahahahaha??,netral,wuhahahahahahaha
93,david_michelle_h,Angel teman tututanmu,netral,angel teman tututanmu
94,ithfiardi,Sebenarnya bapak terwan tuh ingin mundur tapi.....Duitnya yang ga pengen mundur,positif,sebenarnya bapak terwan tuh ingin mundur tapiduitnya yang ga pengen mundur
95,rifaliadeyutama,Ngapain takut bro kita punya hak sebagai warga negara untuk berkomentar untuk masalah covid yang belum selesai,positif,ngapain takut bro kita punya hak sebagai warga negara untuk berkomentar untuk masalah covid yang belum selesai
96,iam.leo_a,Mbak Najwa kebelet ngakak no debat,negatif,mbak najwa kebelet ngakak no debat
97,_ahhabib,Lagi makan gorengan tuh di warteg dia,positif,lagi makan gorengan tuh di warteg dia
98,eqi_ferdinan19,gak berani nongol tikus berdasi,positif,gak berani nongol tikus berdasi
99,m.riskisurya,Sakit tapi tak berdarah,positif,sakit tapi tak berdarah
100,swingly_kuhu,Terawan lagi terawang gajinya bulan depa,positif,terawan lagi terawang gajinya bulan depa
101,dimar_nugroho,Menkes Kita Nggak Punya SILIT,positif,menkes kita nggak punya silit
102,yogiambara211,"Pejabat kita, gak punya cermin,lupa dengan siapa dia,apa tugasnya,hanya mementingkan HAK nya saja",positif,pejabat kita gak punya cerminlupa dengan siapa diaapa tugasnyahanya mementingkan hak nya saja
103,alifian.rizky,Keren emang ni,positif,keren emang ni
104,ismaay23,Salut,positif,salut
105,bangdo1710,Ada udang dibalik batu..,positif,ada udang dibalik batu
106,deweeim,"pertanyaanku ""kapan bapak mundur""??",positif,pertanyaanku kapan bapak mundur
107,mgermanipasaribu,malas nontonya,negatif,malas nontonya
108,priyotrisnantoadi,Sakno pakmu nduk,negatif,sakno pakmu nduk
109,dafina0616,"pak menterinya ikuti anjuran pemerintah dirumah aja,jadi ngg boleh kemana-mana",positif,pak menterinya ikuti anjuran pemerintah dirumah ajajadi ngg boleh kemanamana
110,yogisetiawan2760,mantaf lebih seru kalo ada menkes nya langsung,positif,mantaf lebih seru kalo ada menkes nya langsung
111,riosaputra16_,Cek ig parodi.kehidupan bintang tamunya ada disitu,netral,cek ig parodikehidupan bintang tamunya ada disitu
112,winsrek21,apaan sih ini maksudnya biar viral ya. Duhh sdh gk ngerti lg lah,negatif,apaan sih ini maksudnya biar viral ya duhh sdh gk ngerti lg lah
113,andika_azriel,tante gw,positif,tante gw
114,rezaa_96,Terlalu ngaciro negeri in hahahahha,netral,terlalu ngaciro negeri in hahahahha
115,srimahadjani6,perempuan hebat,positif,perempuan hebat
116,denagustoo,Cerdas...,positif,cerdas
117,syahputra.aditya,Rakyat Indonesia butuh konfirmasi dg datangnya pak mentri,positif,rakyat indonesia butuh konfirmasi dg datangnya pak mentri
118,rikilim,Mnenteri anjing,positif,mnenteri anjing
119,priskacriss,akibat kebanyakan quarantine dirumah,positif,akibat kebanyakan quarantine dirumah
120,_hasrullll,gawat najwa udah gila,negatif,gawat najwa udah gila
121,andybetdrio_nomor7,MUNDURRR DAH MUNDURRRR,positif,mundurrr dah mundurrrr
122,dhika.nugraha.7712,jijik,positif,jijik
123,wahyu1989,salut sama bak najwa...Indonesia butuh orang kaya gini.,positif,salut sama bak najwaindonesia butuh orang kaya gini
124,tamsih8,kereeenn. Banget mba najwa,positif,kereeenn banget mba najwa
125,heristeady,Kasian pak Terawan dia jadi bulan2an publik....muncul lah pak ke publik sampaikan informasi kepada rakyat apa yang sebenarnya sedang terjadi....,negatif,kasian pak terawan dia jadi bulanan publikmuncul lah pak ke publik sampaikan informasi kepada rakyat apa yang sebenarnya sedang terjadi
126,syafedriandra,Binser: emang gw pikirin omongan orang. Sdh diam aja disana wan.,negatif,binser emang gw pikirin omongan orang sdh diam aja disana wan
127,andhifach,siapa dulu dong presidennya....,positif,siapa dulu dong presidennya
128,zaenal_bidin2819,Hasil revolusi mental kaya gini kali yaah...Cuma tanya?,netral,hasil revolusi mental kaya gini kali yaahcuma tanya
129,andriyani_3010,Menteri Kesehantannya entah dimanaaaaaa,positif,menteri kesehantannya entah dimanaaaaaa
130,captainfingers8,LUAR BIASA...BERANI..TEGAS..TANPA BERTELE TELE..!!,positif,luar biasaberanitegastanpa bertele tele
131,ag_gustor,Harusnya lho yaaaa...Malu,negatif,harusnya lho yaaaamalu
132,yudi_zaky,"Menteri SOMPLAK,,,,,,,ga malu dia terima gaji ya",positif,menteri somplakga malu dia terima gaji ya
133,pudinbalichillax,"kotak Kosong,,,kursi kosong,,,APALAGI AYO yg kosong 2?",netral,kotak kosongkursi kosongapalagi ayo yg kosong
134,corrietanti,Kan menteri gak wajib datang ke acara2 spt itu. Katanya juga sdh dikirmkan dirjen oleh menteri  tp ditolak.,negatif,kan menteri gak wajib datang ke acara spt itu katanya juga sdh dikirmkan dirjen oleh menteri  tp ditolak
135,gus_wik,satirnya berkelas.,positif,satirnya berkelas
136,yudi_wiradarma,Gpp kerja ngga keliatan asalkan hasilnya keliatan. Ini kerja ga keliatan hasilnya ikutan sembunyi,positif,gpp kerja ngga keliatan asalkan hasilnya keliatan ini kerja ga keliatan hasilnya ikutan sembunyi
137,tridarmaja,God bless you mbak Nana. Resiko besar Dibalik seorang najwa,positif,god bless you mbak nana resiko besar dibalik seorang najwa
138,tugusbali68,"Pak dr. Terawan orang hebat, tp minim terExpose.Entah ada apa di negeriku",negatif,pak dr terawan orang hebat tp minim terexposeentah ada apa di negeriku
139,lees_na_at,sedang lagi kalem,positif,sedang lagi kalem
140,alonzojethro88,Kasian pak terawan...,negatif,kasian pak terawan
141,uunshinorita,Kamu dimanaaa...dengan siapa...kamu ngapain ajaaaa...(nyanyi..),positif,kamu dimanaaadengan siapakamu ngapain ajaaaanyanyi
142,ana_mahayani,Dikira apaan suruh mundur2. Lu kira gampang jadi mentri apalagi ini polemik dunia!!!,negatif,dikira apaan suruh mundur lu kira gampang jadi mentri apalagi ini polemik dunia
143,iqbaalsetiawan26,Tenang. Pak mentri lg cari jawaban sma pak luhut,positif,tenang pak mentri lg cari jawaban sma pak luhut
144,dewa_tourinbali6,"pak datang dong, saya mau menyimak apa kata bapak",positif,pak datang dong saya mau menyimak apa kata bapak
145,winduastikaa,Kayak org gladi bersih,positif,kayak org gladi bersih
146,wahyu_dwiputra,Kerja kerja pak.. Gak bosan trus maen aman. Rakyat disini sudah pada kelaparan bosku..,positif,kerja kerja pak gak bosan trus maen aman rakyat disini sudah pada kelaparan bosku
147,devaarmedio,Penakut,positif,penakut
148,fendipermanaa,Emang kita punya menkes ya?,netral,emang kita punya menkes ya
149,hanif_agusdc,Lanjut mbak. Pejabat kita ada beberapa yang jadi penjilat dan pengecut,positif,lanjut mbak pejabat kita ada beberapa yang jadi penjilat dan pengecut
150,nh_mertawan,sudah dikasih kisi-kisi pertanyaan pak. Tinggal cari jawabannya di google,positif,sudah dikasih kisikisi pertanyaan pak tinggal cari jawabannya di google
151,mettabhavana,menaikan rating,negatif,menaikan rating
152,bungarhg,mungkin bapaknya kena Covid,positif,mungkin bapaknya kena covid
153,divasnti,Kameramen bi lek : gmana jadi ngga anjim....:v,negatif,kameramen bi lek  gmana jadi ngga anjimv
154,gedeariyanabw,"Min duduk sana,gantiin pak mentrinya kasian mbak nana ga ada yg di ajak ngomong",negatif,min duduk sanagantiin pak mentrinya kasian mbak nana ga ada yg di ajak ngomong
155,gedegilang,"cari di pubg, ada kali org tuh. lagi bengong.",positif,cari di pubg ada kali org tuh lagi bengong
156,osel_fu,"akibat ceplas ceplos, terlalu menggampangkan sebelum covid masuk indonesia yagitu",positif,akibat ceplas ceplos terlalu menggampangkan sebelum covid masuk indonesia yagitu
157,gunk_surya65,Kursi be like : gimana gimana???,netral,kursi be like  gimana gimana
158,dekarya26,Buduh,negatif,buduh
159,shally.chan69,Hahahaha,netral,hahahaha
160,gusgalih,Dia wawancara john cena,negatif,dia wawancara john cena
161,03.kosong,Main tebakan siapa wakil presiden kita,netral,main tebakan siapa wakil presiden kita
162,fumoshiki,Hahahahahah corona hanyala ladang bisnis di indonesia,positif,hahahahahah corona hanyala ladang bisnis di indonesia
163,rita.tata.372,Selalu inspiratif,positif,selalu inspiratif
164,caper.xd,Tak kira stress ternyata unjuk rasa toh sorry baru paham wkwkwkwk,negatif,tak kira stress ternyata unjuk rasa toh sorry baru paham wkwkwkwk
165,tito.y.williams.sitirus,"Ingat suami Mbak, Suami.",negatif,ingat suami mbak suami
166,triwanmdt,ini seprti nya nembak seseorang hahaha,positif,ini seprti nya nembak seseorang hahaha
167,dwiki_039,"Undang pak presiden lagi aja, tanyain beda nya mudik sama pulang kampung",positif,undang pak presiden lagi aja tanyain beda nya mudik sama pulang kampung
168,_whinaa05,Hanya di mata najwa yang bisa mewawancarai mahluk ta kasat mata??,negatif,hanya di mata najwa yang bisa mewawancarai mahluk ta kasat mata
169,raffasya_ibrahim,terawan lbh banyak bkrja dblkang layar krn stp apa yang diucapkannya pasti dslahkan,negatif,terawan lbh banyak bkrja dblkang layar krn stp apa yang diucapkannya pasti dslahkan
170,akbrghaazi,Nyindirnya gak ngotak??,negatif,nyindirnya gak ngotak
171,roky_saloha_bolon,Indar ke 7,negatif,indar ke
172,junior_riyo,Hanya orang benar bisa melihat kebenaran..tanpa melihat..,negatif,hanya orang benar bisa melihat kebenarantanpa melihat
173,farizfadhil,"Untung aja Najwa anaknya Quraisy Sihab, do'a nya kuat??",netral,untung aja najwa anaknya quraisy sihab doa nya kuat
174,holyyzeus,"indonesiakan mentri2nya gak tau malu,intinya duuuiiiiiitttttttttt",positif,indonesiakan mentrinya gak tau maluintinya duuuiiiiiitttttttttt
175,yadoangg,Negeri ini sedang tidak baik-baik saja..,positif,negeri ini sedang tidak baikbaik saja
176,rxtu_06,Majoo truss mbak nana,positif,majoo truss mbak nana
177,mbemustofa4,Mentri kesehatannya lulusan pohon bambu,positif,mentri kesehatannya lulusan pohon bambu
178,jimson_ls,Sdah gila...ngomong sama kursi,negatif,sdah gilangomong sama kursi
179,giittaa_,Yg komen pada debat gila,negatif,yg komen pada debat gila
180,jhon_rico.a,Mental baja,positif,mental baja
181,mdaffa_58,"Bukan dia yang salah tapi yang melantik,tau org bego dilantik??????",positif,bukan dia yang salah tapi yang melantiktau org bego dilantik
182,ysiemiliaa,Masih terhormat kalau menkesnya mundur!!Daripd menghilang lenyaapp,positif,masih terhormat kalau menkesnya mundurdaripd menghilang lenyaapp
183,christianpanji_,Loh sapa anjjr presiden kagak,negatif,loh sapa anjjr presiden kagak
184,putri.sng05,Ko najwa jd cyber bullying? Menteri wajib datang itu kalo dipanggil oleh presiden kamu itu Cuma jurnalis,negatif,ko najwa jd cyber bullying menteri wajib datang itu kalo dipanggil oleh presiden kamu itu cuma jurnalis
185,ai_to_the_di,"Takut kayanya, kebanyakan covid palsu",positif,takut kayanya kebanyakan covid palsu
186,kittykissme,Diganti BU SUSI P. Aja jelas reel nampak nyata hasil kinerjanya,positif,diganti bu susi p aja jelas reel nampak nyata hasil kinerjanya
187,omoitopup.id,Liat komentarnya berasa Debat Sekolah anjir??,netral,liat komentarnya berasa debat sekolah anjir
188,denik32756870,"cm di Indonesia, org yg hanya pintar merangkai kata dipuja2..",negatif,cm di indonesia org yg hanya pintar merangkai kata dipuja
189,aditiyariskiii,"Mending anda mundur apa pak, ga becus, kayak pak Nadiem, gaada yg becus",positif,mending anda mundur apa pak ga becus kayak pak nadiem gaada yg becus
190,erlitayuu,Kenapa netizen banyak yg salah tangkap toh?!Heran gw.,positif,kenapa netizen banyak yg salah tangkap tohheran gw
191,eveyelnk_,Paling suka sama kak najwa bener bener berani orangnya,positif,paling suka sama kak najwa bener bener berani orangnya
192,gideon.hulu,Sensasi sensasi. Hal yg paling dicari masyarakat hari ini.,positif,sensasi sensasi hal yg paling dicari masyarakat hari ini
193,puja_manikmaya,Euh anjing leboook!Gk tau malu sia!Awal pademic kau yg paling sok dan gk takut corona sia goblokk,negatif,euh anjing leboookgk tau malu siaawal pademic kau yg paling sok dan gk takut corona sia goblokk
194,kpdc_01,"Namanya juga mata najwa, ya yang liat Cuma najwa lah",negatif,namanya juga mata najwa ya yang liat cuma najwa lah
195,crst.bstian_,Buat yang mikir mbak najwa gila krn ngomong sendiri mungkin ga paham konteksnya yang dibahas,positif,buat yang mikir mbak najwa gila krn ngomong sendiri mungkin ga paham konteksnya yang dibahas
196,genokazuo,Coba di TERAWANG dulu mbak..kali aja pak TERAWAN mya lagi di AWAN...,positif,coba di terawang dulu mbakkali aja pak terawan mya lagi di awan
197,uswatunhasanahz,"Menterinya jkw gak tau malu, udah kerja gak becus,diundang wawancara malah kabur??",positif,menterinya jkw gak tau malu udah kerja gak becusdiundang wawancara malah kabur
198,beby_ghena_,Hanya dijadikan boneka,netral,hanya dijadikan boneka
199,ryanwnta_,"Begini amat ya para petinggi indonesia,",positif,begini amat ya para petinggi indonesia
200,alrai_megatrend,Goblok ngomong sendiri bangkek????????,negatif,goblok ngomong sendiri bangkek
201,ralitagayatria,Kenapa DPR di ganti jadi ba Nana yang ngurus,negatif,kenapa dpr di ganti jadi ba nana yang ngurus
202,ctnsrna,Keren mba??saya merinding????,positif,keren mbasaya merinding
203,dzakwandzikrullah,Sosok goib,positif,sosok goib
204,fabianerlangga07,Bagaimana perasaan anak dari pak menteri ya . Dia di bully gak ya ... tapi gua yakin sih anak nya sepertinya gak ada yg di indonesia,netral,bagaimana perasaan anak dari pak menteri ya  dia di bully gak ya  tapi gua yakin sih anak nya sepertinya gak ada yg di indonesia
205,amelia_0297,Panutan ku mba nana ?,positif,panutan ku mba nana
206,mafiqa,Mbak Nana berasa kaya lagi latihan mau ujian praktek wkwmw,positif,mbak nana berasa kaya lagi latihan mau ujian praktek wkwmw
207,ramadhantifitriani,Masyaallah sehat terus mba ????,positif,masyaallah sehat terus mba
208,_muhaliakbar,"jujur, gua gatau menteri kesehatan yang mana.",netral,jujur gua gatau menteri kesehatan yang mana
209,omybadboy1787,asli.. gw nge fans bangat sm sosok perempuan hebat ini??????,positif,asli gw nge fans bangat sm sosok perempuan hebat ini
210,maxkikilall,"Ngomong ama siapa mba nana...bingung ngelihatnya ...ditanya nggak di jawab, trus mba nana tanya lagi nggak ada yg jawab ...jaman skrng ini koq makin aneh aneh aja ya",negatif,ngomong ama siapa mba nanabingung ngelihatnya ditanya nggak di jawab trus mba nana tanya lagi nggak ada yg jawab jaman skrng ini koq makin aneh aneh aja ya
211,dimas_m.w92,"Mbak nana the best... kalau ""nembak"" selalu tepat sasaran... gak melebar kemana2....",positif,mbak nana the best kalau nembak selalu tepat sasaran gak melebar kemana
212,plyy.nt,"Negara lain kalo kaya gini malu dan mengundurkan diri, di indonesia bertolak belakang banget ???? lucuuuu.. semangat mbak nana, sehat selalu ya ??",positif,negara lain kalo kaya gini malu dan mengundurkan diri di indonesia bertolak belakang banget  lucuuuu semangat mbak nana sehat selalu ya
213,pancadiputra,Mba nana lagi ngomong sama siapa sih? ??,negatif,mba nana lagi ngomong sama siapa sih
214,rian_heriyan0,Yg ilfil cuma yg memuja berlebihan pemerintah. Itu sih. Ada kok yg milih pemerintah an yg sekarang. Tapi tetap stuju dengan mba Nana.,netral,yg ilfil cuma yg memuja berlebihan pemerintah itu sih ada kok yg milih pemerintah an yg sekarang tapi tetap stuju dengan mba nana
215,auliayenie,the best as always??????????,positif,the best as always
216,andhieananta,pers selalu menggunakan kata atas nama publik sebagai jargon. padahal?,positif,pers selalu menggunakan kata atas nama publik sebagai jargon padahal
217,julistiasbrn,Saya jadi illfeel dgn anda melakukan ini...overconfidence..merasa diri paling benar...so apa si dampak mata najwa? Udah bikin apa buat negara ini? Apa kontribusinya? Selain mengkritisi sana sini???? Nato no action talk only,negatif,saya jadi illfeel dgn anda melakukan inioverconfidencemerasa diri paling benarso apa si dampak mata najwa udah bikin apa buat negara ini apa kontribusinya selain mengkritisi sana sini nato no action talk only
218,dhey_ala,Mbak nanana majuuuuuu,positif,mbak nanana majuuuuuu
219,sari_nuning,"Semangat mba nana...jangan takut...seluruh masyarakat akan mndukungmu dan slalu brda di belkangmu...basmi pemimpin2 yg tdak amanah,tidak jujur,yang merusak negara ini??????????????????",positif,semangat mba nanajangan takutseluruh masyarakat akan mndukungmu dan slalu brda di belkangmubasmi pemimpin yg tdak amanahtidak jujuryang merusak negara ini
220,zatidawati,"Dalam hari pak terawan. Untung gw gak hadir ke mata najwa. Kalau kagak, abis gua mau jelasin apa di depan publik????",positif,dalam hari pak terawan untung gw gak hadir ke mata najwa kalau kagak abis gua mau jelasin apa di depan publik
221,shinalung,Bapak mentiri nya mati mba kenak corona. Kemarin saya kubur di belakang rumah pakek kardus mie,positif,bapak mentiri nya mati mba kenak corona kemarin saya kubur di belakang rumah pakek kardus mie
222,yee_tamara,Merinding ??,positif,merinding
223,mardiyantisri148,Mba Nana ??,positif,mba nana
224,megarasyadani,Merinding aku tuh liat mba nana ngomong .. mewakili smuaa pertanyaan yg ada di benak rakyat indonesiaa.. maju teruss mbak nana,positif,merinding aku tuh liat mba nana ngomong  mewakili smuaa pertanyaan yg ada di benak rakyat indonesiaa maju teruss mbak nana
225,yusuftanjueng,Masi hidup lgi menteri kesehatan nyaa,positif,masi hidup lgi menteri kesehatan nyaa
226,nitamisimo,Niiiii baru kerennnn...jlebbbb ??????????,positif,niiiii baru kerennnnjlebbbb
227,adialfaid,"Mungkin pak terawan yg terhormat, sakit terkena covid .",positif,mungkin pak terawan yg terhormat sakit terkena covid
228,medamalau,Bangga bgt sama mba nana,positif,bangga bgt sama mba nana
229,djhoko_tarora,"bangganya pnya kakak cewe sepintar ini,,, lanjut kak,,, sehat selalu,,, dan gali lagi fakta2 yg ada,,, agar negara ini jauh lebih baik,,,",positif,bangganya pnya kakak cewe sepintar ini lanjut kak sehat selalu dan gali lagi fakta yg ada agar negara ini jauh lebih baik
230,linaftr,Tugas pers ya nge press cuyy.... Pers penyambung lidah masyarakat maju terus mba nana ???? kami pada mu.,positif,tugas pers ya nge press cuyy pers penyambung lidah masyarakat maju terus mba nana  kami pada mu
231,sbrnaayy_,Sumpa keren bget. ??,positif,sumpa keren bget
232,grosirbaju_oke,Loveee mba nana... Sehat trs??,positif,loveee mba nana sehat trs
233,afrinihidayati,Aku padamu mba nana ??,positif,aku padamu mba nana
234,wanclick17,"Diam ster, di jawab skak mat..sejatinya jabatan ada untuk mengayomi bukan mengoyak.",positif,diam ster di jawab skak matsejatinya jabatan ada untuk mengayomi bukan mengoyak
235,fika_d20,Hebat,positif,hebat
236,cindy.i.pratiwi,Kasian mba nana ngomong sm kursi:( heu,positif,kasian mba nana ngomong sm kursi heu
237,jjeremyagriche,Aku padamuuuu mbak nanan??????kepengin jadi salah satu wanita hebat kayak mbak nanaaa,positif,aku padamuuuu mbak nanankepengin jadi salah satu wanita hebat kayak mbak nanaaa
238,dindaarelian,Indonesia corona dibuat bisnis wkwkw,positif,indonesia corona dibuat bisnis wkwkw
239,arthafica_studio,"Berjaung terus mba, di sini mah yang komen antara pemikiran maju sama ngga, udh itu doang",positif,berjaung terus mba di sini mah yang komen antara pemikiran maju sama ngga udh itu doang
240,brams797,"Selamat datang di Indonesia yang katanya kebebasan Pers tapi kalau mau ngundang org, org tsb harus datang wkwkwkwk LUCU",negatif,selamat datang di indonesia yang katanya kebebasan pers tapi kalau mau ngundang org org tsb harus datang wkwkwkwk lucu
241,yessyykrnia,Aku dukung 100% kka??????????,positif,aku dukung  kka
242,adityapradanaaaaaaaa,Kekuatan PERS. Salutee mba POWERFULL,positif,kekuatan pers salutee mba powerfull
243,cutezhagirls,Ter the best ka nana????????????,positif,ter the best ka nana
244,sf.marfa03,Aku nakes yang kena imbasnya... Keren mbak nana tq,positif,aku nakes yang kena imbasnya keren mbak nana tq
245,sosmed_society,Semangat mba nana! ????,positif,semangat mba nana
246,aprelaprilias,Hidup mba nana??,positif,hidup mba nana
247,angxzvcc,Terobos kak??,positif,terobos kak
248,haninshopp21,Damage nya gede pasti ni.. pertanyaan dari mbak Nana mana ada org yg bisa jawab lancar 100%. palingan plenga plngo kalau ada yg jawab,positif,damage nya gede pasti ni pertanyaan dari mbak nana mana ada org yg bisa jawab lancar  palingan plenga plngo kalau ada yg jawab
249,_naniarasyid,kayak e lagi luar negri bapak.e ??????,positif,kayak e lagi luar negri bapake
250,erninuraini088,Panjang umur hal baik :),positif,panjang umur hal baik
251,bagus_sanjaya56,Mbak Nana ??,positif,mbak nana
252,rifki.yastafif91,Maju terus pantang mundurnya buat mba nana ????????,positif,maju terus pantang mundurnya buat mba nana
253,rakabhayyi,Baru liat donk aku tuh terjebak demo hari ini... Sial bgt ???? oh ternyata dari sini masalahnya.. Yawlaaaa,netral,baru liat donk aku tuh terjebak demo hari ini sial bgt  oh ternyata dari sini masalahnya yawlaaaa
254,kaarpxeu,MBA NANA AKU PADAMU????,positif,mba nana aku padamu
255,andrew_stts,urat panggilan punya dasar.... surat undangan? Yang bersangkutan bebas mw dtg atau enggak... itu bedanya,negatif,urat panggilan punya dasar surat undangan yang bersangkutan bebas mw dtg atau enggak itu bedanya
256,gilang_x,Terawan skill Natalia,netral,terawan skill natalia
257,vierlyarthsr,iya gue merinding nontonnya,positif,iya gue merinding nontonnya
258,veliarahmaaa,"Inita yang trending itu, pak terawang awokawok. Emang bapaknya bisa nerawang ya? Hebat banget",positif,inita yang trending itu pak terawang awokawok emang bapaknya bisa nerawang ya hebat banget
259,marthaapatricia,Spicyyyyy ????????,positif,spicyyyyy
260,yonansef,Ka nana tuh siapa suaminya ?,netral,ka nana tuh siapa suaminya
261,holisfauzi,itu menterinya kok ga ngomong2 ya keNapa??? ??,positif,itu menterinya kok ga ngomong ya kenapa
262,blend_89,Mantap betul.tingkat kan trus ka,positif,mantap betultingkat kan trus ka
263,sulfad.afyas,Mba nana tolong titip salam buat yang mencari keadilan diluar sana ??,positif,mba nana tolong titip salam buat yang mencari keadilan diluar sana
264,gbrielindah,Kaya gini ko di laporin aduh aduh,positif,kaya gini ko di laporin aduh aduh
265,yospan11,Jurnalis yang mulai belajar GILA-GILAANNYA KAMPRET DAN KADRUN... HEHEHHE,negatif,jurnalis yang mulai belajar gilagilaannya kampret dan kadrun hehehhe
266,dmoaden,Mungkin masih ditoiler Mbk nana,positif,mungkin masih ditoiler mbk nana
267,nenengeka_fitri,Semngat idola ku??wanita super yg tak takut di pidana karna menentang pejabat tinggi dan mengupas kejanggalan??,positif,semngat idola kuwanita super yg tak takut di pidana karna menentang pejabat tinggi dan mengupas kejanggalan
268,volscakes,"????????pertanyaanny,kemana pak terawan berada?",positif,pertanyaannykemana pak terawan berada
269,putri_harnani,the best kak najwa????,positif,the best kak najwa
270,saputra_azzi,"Kasian juga pak terawan ini, di kambing hitamkan.",negatif,kasian juga pak terawan ini di kambing hitamkan
271,shofia_munawaroh,Pengen ketemuu,positif,pengen ketemuu
272,poertik,Di order ya?,negatif,di order ya
273,rudi_saleh89,Mantap mbak najwa,positif,mantap mbak najwa
274,vanxxz_,Gda dapet uang kata bapaknya buat datang??,positif,gda dapet uang kata bapaknya buat datang
275,rains_1030,?????? malah bikin kisruh aza mbak Nana ini. Jgn lupa minum obatnya mbak Nana biar cepat sembuh??,negatif,malah bikin kisruh aza mbak nana ini jgn lupa minum obatnya mbak nana biar cepat sembuh
276,jenni_nov18,Best mba nana ?????? merinding,positif,best mba nana  merinding
277,inaalshopp,Mba nana sagat pintar dan cerdas.. Sy mewakili lampung kami suka bget nonton matanajwa... D,positif,mba nana sagat pintar dan cerdas sy mewakili lampung kami suka bget nonton matanajwa d
278,oingrestrain,Cerdas banget kak????,positif,cerdas banget kak
279,rachotib_vl,Suara bak nana adalah wakil para rakyat terimakasih bak nana telah mewakili rakyat dengan segala resiko nya,positif,suara bak nana adalah wakil para rakyat terimakasih bak nana telah mewakili rakyat dengan segala resiko nya
280,herymaulanahary,Sy tetap dukung pak terawan.,negatif,sy tetap dukung pak terawan
281,tikaspusvadewi,Mantap mbak nana,positif,mantap mbak nana
282,deliaaromli,Kerennn bgt mba nana sehat selalu yah ??????,positif,kerennn bgt mba nana sehat selalu yah
283,_asepsomantri,Ayo pa bikin kisi kisi dulu entar salah ngomong skak mat udah kaya maen catur entar bapa gabisa ngapa ngapain??????,positif,ayo pa bikin kisi kisi dulu entar salah ngomong skak mat udah kaya maen catur entar bapa gabisa ngapa ngapain
284,azhelray,Ayo di rangkum dulu kisi kisinya,positif,ayo di rangkum dulu kisi kisinya
285,ajeng_ariwidi,Keren ka nana????,positif,keren ka nana
286,byu.abd,"Tiba2 nanti bikin drama,menteri kesehatan nya kesurupan??????????jadi batal di wawancara????????????",positif,tiba nanti bikin dramamenteri kesehatan nya kesurupanjadi batal di wawancara
287,nrfaynti,Merinding,positif,merinding
288,gerard_shamuel,Mba Nana mewakili hati masyarakat Indonesia ??,positif,mba nana mewakili hati masyarakat indonesia
289,cintannovitaa,keren banget mba nana????,positif,keren banget mba nana
290,hany_sujadmiko,???? mbak nana keren bingit ????,positif,mbak nana keren bingit
291,fra_nandaa,Menteri kesehatan tapi otaknya gk sehat ??,positif,menteri kesehatan tapi otaknya gk sehat
292,puttrriii1_,Orang2 waras selalu dukung yg bnerr kok mba nana??,positif,orang waras selalu dukung yg bnerr kok mba nana
293,mynameis_zakky,menterinya punya jurus menghilang,positif,menterinya punya jurus menghilang
294,hasansng_,Tadi kayanya pak terawan masuk ke vent deh :’),positif,tadi kayanya pak terawan masuk ke vent deh
295,susimulyanii_,Best mba nana ini..,positif,best mba nana ini
296,starhabibie,Apakah pandemi ini ada kaitan nya dgn sembilan naga Indonesia?,positif,apakah pandemi ini ada kaitan nya dgn sembilan naga indonesia
297,rindifrisillia11,Aku pdamu ??,positif,aku pdamu
298,zalvazst,Mantappp ka nanaaaa,positif,mantappp ka nanaaaa
299,8e6design,"wawancara bangku kosong, hmm, bangku kosong, jadi ingat video horor jadul itu",negatif,wawancara bangku kosong hmm bangku kosong jadi ingat video horor jadul itu
300,shalluannisa_,Menkes masih sehat atau udah giman....? ??,positif,menkes masih sehat atau udah giman
301,aldy_ale,Andai Dy hadir di mata Najwa. Sya cuma ingin tanya kapan Bapak akan mengundurkan diri...??? #itusaja,positif,andai dy hadir di mata najwa sya cuma ingin tanya kapan bapak akan mengundurkan diri itusaja
302,bangbes023,takut retak ginjalnya krn pertanyaan netizen maha kuasa...,negatif,takut retak ginjalnya krn pertanyaan netizen maha kuasa
303,libertafriska_26_c,Apa upaya yg di lakukan oleh menteri kesehatan untuk bisa mengurangi covid-19,positif,apa upaya yg di lakukan oleh menteri kesehatan untuk bisa mengurangi covid
304,mirzhaaar,ughhh idolaaa bgttt mba nanaa??????.,positif,ughhh idolaaa bgttt mba nanaa
305,liam_emyer,Thinking smart mbk nana about covid. Real or unreal????,positif,thinking smart mbk nana about covid real or unreal
306,alfarizi1634,Mbk cantik ini cerdas lanjudkan mbk perjuangan nya,positif,mbk cantik ini cerdas lanjudkan mbk perjuangan nya
307,muhamadsulhan1971,"??mbak nana sudah benar,pak terawan mungkin sedang berhalangan,tapi yg pecicilan yg ngaku relawn p jokowi,yg lapor polisi perempuan gak jelas,dia gak pantas jd relawan jokowi,",positif,mbak nana sudah benarpak terawan mungkin sedang berhalangantapi yg pecicilan yg ngaku relawn p jokowiyg lapor polisi perempuan gak jelasdia gak pantas jd relawan jokowi
308,zaldega17,Anda sehat pak?,positif,anda sehat pak
309,mardiana_mj,"Pak terawan takut,nnti kena skak mat sama mbak nana,tebongkar deh bangkainya ??",positif,pak terawan takutnnti kena skak mat sama mbak nanatebongkar deh bangkainya
310,jakasetianugraha,ak terawan bersedia hadir di podcast om om sebelah??,positif,ak terawan bersedia hadir di podcast om om sebelah
311,swny1__,"Pertanyaan: "" pak udah abis belom duit b....nya ?""",positif,pertanyaan  pak udah abis belom duit bnya
312,aditya_bhrsyh,Ada sesuatu di balik itu,positif,ada sesuatu di balik itu
313,naufalras15,Pak terawan AFK njir??,positif,pak terawan afk njir
314,xvatwn,Tolong racunj dpr pak,positif,tolong racunj dpr pak
315,y.smmine,"BAPAK DI KASIH UNDANGAN NYA BERBULAN-BULAN, KENAPA BARU SEKARANG?",positif,bapak di kasih undangan nya berbulanbulan kenapa baru sekarang
316,fikha_agracetha,KAPAN MUNDUR PAK ?!,positif,kapan mundur pak
317,frdhan_ilham27,Sekarang pak terawan ikut demo gak??,positif,sekarang pak terawan ikut demo gak
318,f4rh2020,Lagi mencret menahun menterinya gak muncul2...????,positif,lagi mencret menahun menterinya gak muncul
319,agnigarut,corona di indo.. ga meninggal.mendadak.. kaya diwuhan.. seperti ayam kna tetelo .siang sehat.. pagi mati...,positif,corona di indo ga meninggalmendadak kaya diwuhan seperti ayam kna tetelo siang sehat pagi mati
320,damehsg1,"Setiap orang pasti punya kesibukan sendiri"" mbak, punya keoentingan sendiri"".",negatif,setiap orang pasti punya kesibukan sendiri mbak punya keoentingan sendiri
321,hend_rychou,Lagi kerja cari duit sebelum di TENGGELAMKAN????????,positif,lagi kerja cari duit sebelum di tenggelamkan
322,komo_5,Bapak sehat ????????,positif,bapak sehat
323,rovikoo,kenapa bapak masih disini ? bukankah anda sudah gagal,positif,kenapa bapak masih disini  bukankah anda sudah gagal
324,santo.henry,Mentri kesehatan Australia tiap hari tampil di tv selama pandemi ini...,positif,mentri kesehatan australia tiap hari tampil di tv selama pandemi ini
325,dim.nugroho23,Emotnya mirip sama muka lu,netral,emotnya mirip sama muka lu
326,dim.nugroho23,Dan kebijakan dia yg ga tepat yg mana kalo boleh saya tau,positif,dan kebijakan dia yg ga tepat yg mana kalo boleh saya tau
327,_rizkiiii.11,Pak Terawan apakah anda masih perawan,positif,pak terawan apakah anda masih perawan
328,lphnix_,mau tanya mata najwa ini selalu tayang hari rabu yah?,netral,mau tanya mata najwa ini selalu tayang hari rabu yah
329,diimasrivaldi,Kenapa rapid test itu sepertinya di komersialkan?,positif,kenapa rapid test itu sepertinya di komersialkan
330,dailyjab.bdg,"NgePRONE mulu nih pak terawan, di awal pandemi gencar beneeer eh sekarang masuk VENT",positif,ngeprone mulu nih pak terawan di awal pandemi gencar beneeer eh sekarang masuk vent
331,maemuna_06m,Halusss bgttt ????,positif,halusss bgttt
332,siiliiliie,Mungkin pak Terawan gamau hadir karna takut jatuh cinta sm mbak nana,positif,mungkin pak terawan gamau hadir karna takut jatuh cinta sm mbak nana
333,sansekertajawakuno,Kapan meninggal?,positif,kapan meninggal
334,hruhanah,"mbak nana,sehat selalu????????????",positif,mbak nanasehat selalu
335,penikmatvanillate,Pak Terawan apa kabar? Sehat Bapak? Terima kasih,positif,pak terawan apa kabar sehat bapak terima kasih
336,fitria89,Bapak Terawan sehat kan? Lihat gak masyarakat pada resah ?,positif,bapak terawan sehat kan lihat gak masyarakat pada resah
337,mumuh_nhs,"Sy mah simpel saja mbak nanya nya, kapan bpk positif coronanya, semoga cepat yah, Aamiin ??",positif,sy mah simpel saja mbak nanya nya kapan bpk positif coronanya semoga cepat yah aamiin
338,idayati.r,Pak Terawan lagi diisolasi ??,positif,pak terawan lagi diisolasi
339,agustin_adr,Hayu bareng2 gotong si Terawan ke liang kubur wkwk,positif,hayu bareng gotong si terawan ke liang kubur wkwk
340,ahmaqua,Saya to the point aja bapak kapan mundur ?,positif,saya to the point aja bapak kapan mundur
341,galihraka_14,Klo pejabat sistem comot duit yak gini,positif,klo pejabat sistem comot duit yak gini
342,searlyris,sejauh apa langakah menkes yg telah dilakukan?,positif,sejauh apa langakah menkes yg telah dilakukan
343,jeprii.ir,MUNGKIN TERAWAN LAGI MOMONG CUCUNYA,positif,mungkin terawan lagi momong cucunya
344,babe_florist,Makanya kasih kisi kisi pertanyaan mba biar dia muncul diakan tolil,positif,makanya kasih kisi kisi pertanyaan mba biar dia muncul diakan tolil
345,andisihand,Tanyain kak kapan dia mundur jadi menkes????,positif,tanyain kak kapan dia mundur jadi menkes
346,randy_ambon,"sehat pakk? bapak jngn terlalu lama hilangnya, keburu bubar negeri ini ??",positif,sehat pakk bapak jngn terlalu lama hilangnya keburu bubar negeri ini
347,lidiawhy,ak kemane aje ? Kangen lo aku ?? tolong kak nana sampaikan ya ke beliau??,positif,ak kemane aje  kangen lo aku  tolong kak nana sampaikan ya ke beliau
348,felixlingga_,"Titip pesan mba nana, PAK TERAWAN KAPAN SIH MUNDUR DARI KURSI MENKES??? TERIMA KASIH MBA??",positif,titip pesan mba nana pak terawan kapan sih mundur dari kursi menkes terima kasih mba
349,alfarisi2443,Pak mentri kesehatan selama 7 bln pandemi apakah bakp msh bsa mkn enk??,positif,pak mentri kesehatan selama  bln pandemi apakah bakp msh bsa mkn enk
350,roisul_falah,grebek aja mbak??,positif,grebek aja mbak
351,violetha_dewi9386,Budekkk,positif,budekkk
352,arifpermana4855,ngomong sampe bebusa juga gak bakal dateng mbak mentri hantu namanya juga,positif,ngomong sampe bebusa juga gak bakal dateng mbak mentri hantu namanya juga
353,heyarnsyh,"Lagi sibuk bikin penawar virus ,, , tetep semangat pak selalu sehat ,",positif,lagi sibuk bikin penawar virus   tetep semangat pak selalu sehat
354,mbk_f3_salsabila,Smpai detik.ini apakah sudah hadir ???,positif,smpai detikini apakah sudah hadir
355,yudeancl,Pak Terawan uda makan?,positif,pak terawan uda makan
356,arvanriswandys,Cmn mau tanya penghasilan anda dari covid sdhberapa banyak?,positif,cmn mau tanya penghasilan anda dari covid sdhberapa banyak
357,vionapictures,+62 kayakny tidak butuh bapak in ??,positif,kayakny tidak butuh bapak in
358,ahmad09,Dia lagi di liang kubur,positif,dia lagi di liang kubur
359,dindazsaskia,Bobbrok sudah,positif,bobbrok sudah
360,raflyftr1,Pak cara pindah planet gimana bosen di indo,netral,pak cara pindah planet gimana bosen di indo
361,tezay_pemour,Bapak menteri kesehatan ya? Apakah bapak sehat?,positif,bapak menteri kesehatan ya apakah bapak sehat
362,danielnovendri_s,narasumber gak datang langsung di sindir Oalah....,negatif,narasumber gak datang langsung di sindir oalah
363,juand.forest22,Kapan mati pak terawan?,positif,kapan mati pak terawan
364,sellaptrazaa,KAPAN PERBAIKAN BISA KITA LIHAT ? :(,positif,kapan perbaikan bisa kita lihat
365,iksn.co,saya mau nanya untuk bpk terawan. Gajih relawan covid berapa? makasih,positif,saya mau nanya untuk bpk terawan gajih relawan covid berapa makasih
366,emban_,Kemana aja menkes saat covid mulai merajalela di negeri ini ? Tak pernah terlihat di televisi lagi,positif,kemana aja menkes saat covid mulai merajalela di negeri ini  tak pernah terlihat di televisi lagi
367,sadewa737,ganti mentri aja,positif,ganti mentri aja
368,fajrimudawam,Sudah mencapai target belum pak terawan ke untungan bapapa dkk dari covid ini?,positif,sudah mencapai target belum pak terawan ke untungan bapapa dkk dari covid ini
369,diki_thoyee97,Mau nanya kapan mundur dri Kemenkes,positif,mau nanya kapan mundur dri kemenkes
370,arifrh34,Bapak babi nongol lah ??,positif,bapak babi nongol lah
371,sagisentosa,Lu mkin g bermutu ...,positif,lu mkin g bermutu
372,gamaliaaa,Mba nana nanti kalo ada pak terawan udah kemana aja liburan nya sampai lupa pulang ke indo,positif,mba nana nanti kalo ada pak terawan udah kemana aja liburan nya sampai lupa pulang ke indo
373,anggita7721,GANTI JUDUL ... MATA KADRUN BARISAN SAKIT HATI YG .GAGAL JADI MENTRI????,positif,ganti judul  mata kadrun barisan sakit hati yg gagal jadi mentri
374,fuadkhrij,Pengen nanya bapak kapan mundur? Wkwkwk,positif,pengen nanya bapak kapan mundur wkwkwk
375,jad_abdillah,Siapa sih terawan itu.. apakah bagian dari covid??,positif,siapa sih terawan itu apakah bagian dari covid
376,diks_never,Lagi nyusun materi??,positif,lagi nyusun materi
377,anynuansa,Kalo nabung dah dapet duit berapa kira2..,positif,kalo nabung dah dapet duit berapa kira
378,farhan_alfarabi__,"Jangan di cari pancing aja pakai uang pasti nonggol,.jadi menteri kok kyk orang jualan.",positif,jangan di cari pancing aja pakai uang pasti nonggoljadi menteri kok kyk orang jualan
379,fuji_santosa8790,"Izin bertanya pak,bapak sehat??",positif,izin bertanya pakbapak sehat
380,martinrajagukguk,Bertobat kau najwa,negatif,bertobat kau najwa
381,gino.sapteno,fix jurnalis gabut?? tukang pelintir ahahaha,negatif,fix jurnalis gabut tukang pelintir ahahaha
382,pu.jiutami,Jaga kesehatan ya mba Najwa ??,positif,jaga kesehatan ya mba najwa
383,nneessyyaa,"pertanyaan saya, ""menyesal ga pak pernah jadiin Covid-19 lawakan?""",positif,pertanyaan saya menyesal ga pak pernah jadiin covid lawakan
384,denry_primaldy,"Kapan bapak terawan yth, akan lempar handuk putih?",positif,kapan bapak terawan yth akan lempar handuk putih
385,aminjiihan,Dia lagi nyusun strategi buat bangsa Indonesia melawan rekayasa elit,positif,dia lagi nyusun strategi buat bangsa indonesia melawan rekayasa elit
386,mhmmdfhrl__,Mengungkap impostor!,positif,mengungkap impostor
387,doctorobie,Pak Terawan sedang di “amankan” mbak ??,positif,pak terawan sedang di amankan mbak
388,naraa.box,Semangat mba nana & tim mata najwa??,positif,semangat mba nana  tim mata najwa
389,alee_mubarrock,Pertanyaan nya...? Bisa gk sih jadi mentri....?,positif,pertanyaan nya bisa gk sih jadi mentri
390,unang_nyohon,Yg penting rating naik ya nyrocos trus,negatif,yg penting rating naik ya nyrocos trus
391,fazlialfa,Yok pak terawan bisa yok,positif,yok pak terawan bisa yok
392,dekrisrzqsyh16,covid is bulshit,negatif,covid is bulshit
393,ubays12,"Sampai kapan PSBB ini, jangan tebelit-belit lah, udh cukup skenario nya!!?",positif,sampai kapan psbb ini jangan tebelitbelit lah udh cukup skenario nya
394,firdaustaufankusuma,"Tolong ditanya, kqpan dia mau mundur.",positif,tolong ditanya kqpan dia mau mundur
395,idjal,Gkn datang banana... Beliau ini lagi benar2 sibuk... Sibuk nolak undangan media media lain....??,positif,gkn datang banana beliau ini lagi benar sibuk sibuk nolak undangan media media lain
396,_wahyudi91,Apa gunanya bpk sbg mentri,positif,apa gunanya bpk sbg mentri
397,maftuhfarhan4,apakah disetiap data covid yg disebarkan itu sudah benar2 real ?,positif,apakah disetiap data covid yg disebarkan itu sudah benar real
398,kursiya_nia_wati,Mbak Najwa benar2 panutan,positif,mbak najwa benar panutan
399,pemburu_hotwheels,Apakah covid ujung2nya jadi lahan baru buat nyari duit?,positif,apakah covid ujungnya jadi lahan baru buat nyari duit
400,cindysimmm,Keknya pak terawan impostornya nih,positif,keknya pak terawan impostornya nih
401,komedi.indonesian,Pak terawan itu orang hebat. Ahli cuci otak. Patut di pertahankan.,negatif,pak terawan itu orang hebat ahli cuci otak patut di pertahankan
402,den.beyne,Mbak najwa emang cerdas sekali,positif,mbak najwa emang cerdas sekali
403,dpahlevy,Ga malu pak menskes dgn kinerjanya? ??????,positif,ga malu pak menskes dgn kinerjanya
404,dvdgin8,Kapan mundur pak Terawan?,positif,kapan mundur pak terawan
405,rzkynrrsni_,Pak terawan lg gamau diganggu kayaknya ??,positif,pak terawan lg gamau diganggu kayaknya
406,bimoandriandi,kapan mengundurkan diri?,positif,kapan mengundurkan diri
407,rafikah8516,"Aq mendukung najwa shihab,harus d klaripikasi tentang pa terawan.??",positif,aq mendukung najwa shihabharus d klaripikasi tentang pa terawan
408,mutiahrahmalia,Jadi kenyataan yang benar tentang virus corona tuh apa?,netral,jadi kenyataan yang benar tentang virus corona tuh apa
409,sollah__,Apakah bapak tidak ada niatan untuk mundur dari jabatan bapak?,positif,apakah bapak tidak ada niatan untuk mundur dari jabatan bapak
410,azzamfln,"Yang saya tanyakan, pak kapan mundur pak",positif,yang saya tanyakan pak kapan mundur pak
411,taafukkk,Fix pak terawan impostor,positif,fix pak terawan impostor
412,lathifaanisa,Kapan jadi singa seperti Bu Siti?,positif,kapan jadi singa seperti bu siti
413,gunturalqi,Bapak terawan lha kok ilang?,positif,bapak terawan lha kok ilang
414,baus_pratama,"Tanyakan ke pak Terawan, jadi menteri kesehatan syaratnya apa?",positif,tanyakan ke pak terawan jadi menteri kesehatan syaratnya apa
415,rrn.yinn,Sembunyi di vent khusus impostor ya pak?,positif,sembunyi di vent khusus impostor ya pak
416,risal.sanjaya,Mba Nana titip pesan dari saya buat MenKes kapan mundur.?,positif,mba nana titip pesan dari saya buat menkes kapan mundur
417,ariffhidayat._,??mungkin lagi sibuk cari vaksin covid19,positif,mungkin lagi sibuk cari vaksin covid
418,frmnsyhadtya,Sibuk ngumpet,positif,sibuk ngumpet
419,dennysbarus,Terus klw pak terawan mau datang covid ilang? Ga juga kan? Mending menghimbau & menjaga diri sendiri supaya terhindar dr covid ini,negatif,terus klw pak terawan mau datang covid ilang ga juga kan mending menghimbau  menjaga diri sendiri supaya terhindar dr covid ini
420,yusrilp_30,Apakah covid bagian dari pilkada? Kok semua bisa di hentikan kecuali pilkada,positif,apakah covid bagian dari pilkada kok semua bisa di hentikan kecuali pilkada
421,nicoputra21,Pak terawan ga punya ig ya?,positif,pak terawan ga punya ig ya
422,damesputra,"Klo orgnya ga mau dtg kok maksa, aneh ih ??",negatif,klo orgnya ga mau dtg kok maksa aneh ih
423,anitaaysf,dicari cari gada ternyata masuk ke vent oalah impostor,positif,dicari cari gada ternyata masuk ke vent oalah impostor
424,adidaya_salman_tokase,"Kata pa terawan dulu covid hanya flu ringan, sekarang kemana pak?",positif,kata pa terawan dulu covid hanya flu ringan sekarang kemana pak
425,yoyon_guspa,"Pak Terawan mah cuman nakut""tin doang, di suruh Dateng ga mau",positif,pak terawan mah cuman nakuttin doang di suruh dateng ga mau
426,fhandhau,Bapak juga banyak kerja lho..drpd menghadiri sana sini,negatif,bapak juga banyak kerja lhodrpd menghadiri sana sini
427,amggialisha26,Pertanyaan ny cuma 1 kak najwa... Bapak masi manusia kah? Rasanya malu itu no 1 untuk manusia ??,positif,pertanyaan ny cuma  kak najwa bapak masi manusia kah rasanya malu itu no  untuk manusia
428,mithania_,Hak pak terawan g dtg kok situ repot amat situ siapa ??,negatif,hak pak terawan g dtg kok situ repot amat situ siapa
429,narto_end,Lepaskan jabatan pak,positif,lepaskan jabatan pak
430,angga_rekso,"Namanya aja undangan gak hadir gak papa dong, kok kesannya baper yaa program inj",negatif,namanya aja undangan gak hadir gak papa dong kok kesannya baper yaa program inj
431,pratiwiririsp,Cari sensasi dan rating dg cara menjatuhkan orang,negatif,cari sensasi dan rating dg cara menjatuhkan orang
432,rreihandi,kapan mundur pak Terawan,positif,kapan mundur pak terawan
433,mrizalrosyadi,Nitip pertanyaan mba Nana. Kapan mau mundur Pak?,positif,nitip pertanyaan mba nana kapan mau mundur pak
434,suryabudi2,Ketakutan dia mba????,positif,ketakutan dia mba
435,fahwitzulfairahh,Pak terawan masuk vent yaaa makanya ilang,positif,pak terawan masuk vent yaaa makanya ilang
436,shhazrah,yg ingin saya tanya kenapa pak terawan gapernah hadir kalo mba nana ngundang ke mata najwa,positif,yg ingin saya tanya kenapa pak terawan gapernah hadir kalo mba nana ngundang ke mata najwa
437,fmuhammad14,Pak menkes kemana aja pak? Kok sampe pak luhut yg turun tangan? Beliau jadi kebanyakan jobnya tuh pak,positif,pak menkes kemana aja pak kok sampe pak luhut yg turun tangan beliau jadi kebanyakan jobnya tuh pak
438,rizali_ijal,"Bapakmu kan katanya ustad terkenal, suru dy berdoa agar covid cepat selesai, jangan sibuk cri2 kesalahan org lain..",negatif,bapakmu kan katanya ustad terkenal suru dy berdoa agar covid cepat selesai jangan sibuk cri kesalahan org lain
439,nrhidyat_spttra,Apakah semua ini hanyalah konspirasi saja? Simple,positif,apakah semua ini hanyalah konspirasi saja simple
440,agus_kunt,Nunggu abad 30,positif,nunggu abad
441,robyyy_inst,panas panas panas,positif,panas panas panas
442,reychan_a,Kenapa nggk hadir takut kebongkar semuanya ya??,positif,kenapa nggk hadir takut kebongkar semuanya ya
443,dieasimphony,Gak pingin mundur ta pak? Saya lihat bapak sudah lelah??????,positif,gak pingin mundur ta pak saya lihat bapak sudah lelah
444,st.heindrich,Kok maksa sih wkwkwk,negatif,kok maksa sih wkwkwk
445,iawalll_,Pak terawan kenapa anda begitu cerdas?,positif,pak terawan kenapa anda begitu cerdas
446,hikmahbanna,Pak terawan bicara lah pd kami rakyat indonesia...,positif,pak terawan bicara lah pd kami rakyat indonesia
447,fadli.syam.165,Bapak kapan mundur.?,positif,bapak kapan mundur
448,__yoga.03__,Corona ringan kok yang berat jika anda menghilang!,positif,corona ringan kok yang berat jika anda menghilang
449,lomboanm,Kapan mundur?,positif,kapan mundur
450,alilbitoflove,"Pak Terawan lagi rutin cuci otak sendiri kali mba, positif thinking aja ga bisa kesana...",positif,pak terawan lagi rutin cuci otak sendiri kali mba positif thinking aja ga bisa kesana
451,rahmat26hidayat,Coba di tnyakan pada pak terawan masih sanggup jadi mnteri?,positif,coba di tnyakan pada pak terawan masih sanggup jadi mnteri
452,adeliarhd_,Mungkin mbk nana undangannya lain kali bisa dikirim tiap hari??,positif,mungkin mbk nana undangannya lain kali bisa dikirim tiap hari
453,rizkygnrd_,Apakah bapak terawan sanggup menjadi diri sendiri?,positif,apakah bapak terawan sanggup menjadi diri sendiri
454,andriosai,Mana tau dia lagi sibuk push rank kan abis reset,positif,mana tau dia lagi sibuk push rank kan abis reset
455,alvianosatriaw,Kapan mundur pak ?,positif,kapan mundur pak
456,aku_ismi,Dia hanya tidak bisa berbohong mba nana ??. Makanya dr awal ga pernah muncul,positif,dia hanya tidak bisa berbohong mba nana  makanya dr awal ga pernah muncul
457,tina.mr,Pak terawan sedang sibuk pada renca apa saat ini?,positif,pak terawan sedang sibuk pada renca apa saat ini
458,achmad_js,"Pak Terawan, kapan mau mundur dari jabatan dan kerja nyata menyelamatkan nyawa dari segala bentuk virus?",positif,pak terawan kapan mau mundur dari jabatan dan kerja nyata menyelamatkan nyawa dari segala bentuk virus
459,rabstagram_,Tolong tnykan ke pak mentri Kapan mundur?,positif,tolong tnykan ke pak mentri kapan mundur
460,laura_rchl,Yg slh qt bukn mentriny :) . Mbakny gk hrus jga kek gitu,negatif,yg slh qt bukn mentriny   mbakny gk hrus jga kek gitu
461,kaisrayans,Pejabat jaman sekarang mah bodo amat digituin. Yg penting jadi pejabat.,positif,pejabat jaman sekarang mah bodo amat digituin yg penting jadi pejabat
462,wann__14,Yang di cari hanya rating/sensasi bukan informasi. Kho berbuah ya skrng mbak nana..,negatif,yang di cari hanya ratingsensasi bukan informasi kho berbuah ya skrng mbak nana
463,bonifasiussiregar,Apa takut menghadapi NS yah?? Boleh donk saya bertanya...,positif,apa takut menghadapi ns yah boleh donk saya bertanya
464,mhjup_,Semua berawal dari kotak kardus yg digembok... Jadi terima sajalah nasib bangsa ini.. ??,positif,semua berawal dari kotak kardus yg digembok jadi terima sajalah nasib bangsa ini
465,ilhambuyax,Bravo nazwa shihab!!,positif,bravo nazwa shihab
466,lilylaurasiburian,.....bukan corona yg hilang tp Mentri yg hilang..... doooy idoooy,positif,bukan corona yg hilang tp mentri yg hilang doooy idoooy
467,rebekasembiring,Rkytnya yg ngk tertib mentrinya yg disalahkan..,negatif,rkytnya yg ngk tertib mentrinya yg disalahkan
468,bily.twins,Mentri GAGU????,positif,mentri gagu
469,iyudh_wahyudi,Gara² covid si mbanya ngomong sendiri... Kok saya agak merinding ya ??,negatif,gara covid si mbanya ngomong sendiri kok saya agak merinding ya
470,iasyhari1511,Ganti aja menkes... Beliau sdh gagal... Covid malah makin merajalela. ????,positif,ganti aja menkes beliau sdh gagal covid malah makin merajalela
471,debu_roda,Sungguh informatif sekali,positif,sungguh informatif sekali
472,napmeme,Saya sangat paham maksud y,positif,saya sangat paham maksud y
473,canna.auroraa_,Aku orang nya emosian lo,negatif,aku orang nya emosian lo
474,ryo_82726,Iya sih menurutku juga begitu gw setuju dengan mbak najwa,positif,iya sih menurutku juga begitu gw setuju dengan mbak najwa
475,orang.ji.saja,Mbak najwa bener juga sih,positif,mbak najwa bener juga sih
476,ramprtmm,Wow impresif,positif,wow impresif
477,yourfavboy.27_,"Ya Allah, humor ku sebatas kursi kosong doang, receh bat ??",netral,ya allah humor ku sebatas kursi kosong doang receh bat
478,faishalfaroid,terawan belum siap di GORENG??,positif,terawan belum siap di goreng
479,_rizkiaw12,"Mbak nana liat Youtube denny siregar , di ngajak berargumen tentang pak terawan ??",positif,mbak nana liat youtube denny siregar  di ngajak berargumen tentang pak terawan
480,dennysoeyanto,"Udah ga minat sama mata najwa, mulai berpolitik",negatif,udah ga minat sama mata najwa mulai berpolitik
481,yulian_junior,Haha maksa amat si mbak nana,negatif,haha maksa amat si mbak nana
482,ayu.amandaistiana,Mau nanyaaa. Bapak kemanaaa ajaaa??? Kami team medis kangen paaakkkk ~~~~~~,positif,mau nanyaaa bapak kemanaaa ajaaa kami team medis kangen paaakkkk
483,de_sudi,speechless... ??,positif,speechless
484,bang_hakim18,"Perranyaan saya. ""Bapak ngapain aja?? """,positif,perranyaan saya bapak ngapain aja
485,ayyubi_ahmad,semangat maju terus pak terawan .. jika tak tau malu,positif,semangat maju terus pak terawan  jika tak tau malu
486,aci_12,"kasian bapak, mending mengundurkan diri lo pak dripada di vote rame” trus di eject dari bumi :)",positif,kasian bapak mending mengundurkan diri lo pak dripada di vote rame trus di eject dari bumi
487,bayuandikasimabua,bapak terawan siapa ya? Kami sampai lupa kalau ada menteri namanya bapak terawan.,positif,bapak terawan siapa ya kami sampai lupa kalau ada menteri namanya bapak terawan
488,muhammad_ansor1,Pak tertawan kapan mundur ??,positif,pak tertawan kapan mundur
489,apri.abs,"Udah gak bisa berkata-kata lagi,udah kesel banget sama pemerintah .",positif,udah gak bisa berkatakata lagiudah kesel banget sama pemerintah
490,jasman_js,"Mbak najwa kaya wawancarai wakil saja,, ngak nampak",positif,mbak najwa kaya wawancarai wakil saja ngak nampak
491,lemon.160497,Tinggal pecat ??,positif,tinggal pecat
492,pbnugroho,Mamtab mbak najwa,positif,mamtab mbak najwa
493,nophe_jasmin,bingung dg situasi ini... jalanin aja seperti panggung sandiwara..,netral,bingung dg situasi ini jalanin aja seperti panggung sandiwara
494,its_faturre,"Pasti kalo kursi itu bisa bicara dia pasti ngomong,mana saya tau saya kan kursi??",negatif,pasti kalo kursi itu bisa bicara dia pasti ngomongmana saya tau saya kan kursi
495,ninik.noviyanti.7,Mantap.....bukan corona yg hilang tp Mentri yg hilang..... doooy idoooy,positif,mantapbukan corona yg hilang tp mentri yg hilang doooy idoooy
496,w_diasman,Mba nana sehat,negatif,mba nana sehat
497,rebekasembiring,Rkytnya yg ngk tertib mentrinya yg disalahkan..,negatif,rkytnya yg ngk tertib mentrinya yg disalahkan
498,milan_odjan,Hahaha..wkt awal pandemi menkes suruh rakyat berdoa supaya virus cpt ilang..rupanya rakyat salah berdoa..virusnya ga ilang..menteri nya yg ilang ??,positif,hahahawkt awal pandemi menkes suruh rakyat berdoa supaya virus cpt ilangrupanya rakyat salah berdoavirusnya ga ilangmenteri nya yg ilang
499,eddy_starsz,"Diluar negri klo mentri nya gagal mereka langsung mengundurkan diri , disini sudah gagal tetap aja menjabat kayak gak sadar sudah gagal",positif,diluar negri klo mentri nya gagal mereka langsung mengundurkan diri  disini sudah gagal tetap aja menjabat kayak gak sadar sudah gagal
500,haldi_17,"tolong tanyakan,,berapa pendapatan yg telah dihasilkan dari covid-19(uang)...dan uang itu trus dipake untuk apa,untuk siapa.serta kn bukti yg jelas??",positif,tolong tanyakanberapa pendapatan yg telah dihasilkan dari coviduangdan uang itu trus dipake untuk apauntuk siapaserta kn bukti yg jelas
501,faqhisyaa__,"JANGAN USIK MBA NANA, MBA NANA SUARA RAKYAT!",positif,jangan usik mba nana mba nana suara rakyat
502,ammie_echa,Sebenarnya dr.terawan ada dimana sih??,positif,sebenarnya drterawan ada dimana sih
503,elta.indri,"Klau gak mampu mundur cog intinya mundur aja kayah menkes"" luar negri",positif,klau gak mampu mundur cog intinya mundur aja kayah menkes luar negri
504,fajria.ria.9,"Semangat mba nana,ada2 aja deh",positif,semangat mba nanaada aja deh
505,elisahamelia,Semangat mba najwa??????,positif,semangat mba najwa
506,isahmad97,Hancurnya negara ku??,positif,hancurnya negara ku
507,harahapboy05,"Lebih senang lagi kmi para tenaga medis jika bapak menkes di percepat di panggil tuhan, ????",positif,lebih senang lagi kmi para tenaga medis jika bapak menkes di percepat di panggil tuhan
508,samsulpinang4,hati hati pak terawan klo di undang nanti omongannya jdi bhan trending...,negatif,hati hati pak terawan klo di undang nanti omongannya jdi bhan trending
509,andrew.christt17,syg sekali bacotmu tak sesuai dengan kinerjamu pak!,positif,syg sekali bacotmu tak sesuai dengan kinerjamu pak
510,bar_atma,SEMANGAT PAK TERAWAN ??,negatif,semangat pak terawan
511,mhendrika,"Mana etikamu dalam melakukan wawancara, yg fair aja lah.",negatif,mana etikamu dalam melakukan wawancara yg fair aja lah
512,sidoli_partagi,Demi rating.. ngomong sama setan pun di lakukan..??????,negatif,demi rating ngomong sama setan pun di lakukan
513,lilin.zlf,Kasian pak terawan????,negatif,kasian pak terawan
514,yohanestanggara,Berkaca jangan menghakimi!! Emang anda siapa? Kok maksa mentri datang ke acara anda??,negatif,berkaca jangan menghakimi emang anda siapa kok maksa mentri datang ke acara anda
515,yakoba_tafetin,mantap bosque bapak Menkes lebih fokus ngurusin hal yang lebih penting,negatif,mantap bosque bapak menkes lebih fokus ngurusin hal yang lebih penting
516,candra_biondy92,Tetiba pada saat itu menjadi misteri bangku kosong ??,netral,tetiba pada saat itu menjadi misteri bangku kosong
517,fheby_ferlien,Berikan solusi,positif,berikan solusi
518,erhashz,"Sedih bgt, mau jadi mantan ??",positif,sedih bgt mau jadi mantan
519,tancaaa_,Ngelawak neng Najwa wkwkwk,negatif,ngelawak neng najwa wkwkwk
520,robby.apr,Makanyandia ga nongol.. Org dia seneng dipanggil2,positif,makanyandia ga nongol org dia seneng dipanggil
521,ahmadkhaeruddin09,Kasian jga bapak Ini jdi korban kapitalis,negatif,kasian jga bapak ini jdi korban kapitalis
522,putroekhayangan,"AKANG GENDANG, KALO RAKYAT BILANG MUNDUR ,MUNDURR YA????",positif,akang gendang kalo rakyat bilang mundur mundurr ya
523,tidimart,RI punya menkes ga ya? Kok ga berasa punya menkes,positif,ri punya menkes ga ya kok ga berasa punya menkes
524,afrisoni_samosir,"Akhirnya lebih milih rating daripada kualitas, trans 7 berhasil",negatif,akhirnya lebih milih rating daripada kualitas trans  berhasil
525,_traffic_officer_,Mangkax jgn ngeremehin covid dri awal vangke.,positif,mangkax jgn ngeremehin covid dri awal vangke
526,sierrika,Banyak banget netizen bayaran pemerintahan tuk jatuhkan mata najwa??,positif,banyak banget netizen bayaran pemerintahan tuk jatuhkan mata najwa
527,hellovello__,Gua sih ga bela siapa siapa??,netral,gua sih ga bela siapa siapa
528,bbghenranst,"Najwa udah jadi kaum KADRUN, sama dgn junjugan yg kabur ka Arab",negatif,najwa udah jadi kaum kadrun sama dgn junjugan yg kabur ka arab
529,lukmanhakm,Lanjutt... ????,positif,lanjutt
530,arkhangelsk_nizhny,Ntah kenapa kadang ga begitu suka liat najwa shihab klo lg wawancara ??,negatif,ntah kenapa kadang ga begitu suka liat najwa shihab klo lg wawancara
531,sigitjapra,Yg bilang terawan gblk siapa sih? Ko bingung ??,negatif,yg bilang terawan gblk siapa sih ko bingung
532,mhendrika,"Acara provokatif, akhirnya timbul perpecahan. Kembalilah ke jalan yg benar mbak nazwa",negatif,acara provokatif akhirnya timbul perpecahan kembalilah ke jalan yg benar mbak nazwa
533,maharani_hatta,Pak Terwan lagi sibuk urusin covid mba nana.. gak sempet ikut mata nazwa.. klo ngundang apa wajib dateng yaa...,negatif,pak terwan lagi sibuk urusin covid mba nana gak sempet ikut mata nazwa klo ngundang apa wajib dateng yaa
534,enalkue,#berhentilah memprovokasi nana,negatif,berhentilah memprovokasi nana
535,vistaruth,PARBADA kali kau mbak nana ????,negatif,parbada kali kau mbak nana
536,ari8fin,Acara sampah ??,negatif,acara sampah
537,dian_djehadu,emang penting banget hadirin talkshow ini??,negatif,emang penting banget hadirin talkshow ini
538,ritabalihotel,"Klo anda tdk sehat, jgn mewawancarai orang lain. Nanti anda terlihat pintar!!!",negatif,klo anda tdk sehat jgn mewawancarai orang lain nanti anda terlihat pintar
539,mrs_ss11,"Mata najwa sekarang berubah tidak seperti dulu,",negatif,mata najwa sekarang berubah tidak seperti dulu
540,fahryzaf,"goreng terusss, miris liat media satu ini sekarang jd begini...",negatif,goreng terusss miris liat media satu ini sekarang jd begini
541,penyembahdalamrohkebenaran,Kenapa marah kalau beliau tidak datang di acara anda?,negatif,kenapa marah kalau beliau tidak datang di acara anda
542,endah216,semangat Nana utk tampilkan kebenaran??,positif,semangat nana utk tampilkan kebenaran
543,kartika7926,Lagi isolasi mandiri mungkin.. mengisolasi diri dari kenyataan,positif,lagi isolasi mandiri mungkin mengisolasi diri dari kenyataan
544,samsul_jogja,Demi rating,negatif,demi rating
545,siiikiiilooon,Jangan lebay mbak.. Hanya untuk sebuah rating ??,negatif,jangan lebay mbak hanya untuk sebuah rating
546,remiel_87,"Mbak najwa kok sekarang lebay ya.. Kamu toh siapa, narsum ngga datang, baper ????",negatif,mbak najwa kok sekarang lebay ya kamu toh siapa narsum ngga datang baper
547,sadanihs,"""demi rating, semua di setting""",negatif,demi rating semua di setting
548,novrianmarlon,"Jaga jarak, pake masker, cuci tangan pakai sabun",netral,jaga jarak pake masker cuci tangan pakai sabun
549,ridho4586,"Dia lgi bertapa ke 1000 gunung 700 pulau,300 lautan",positif,dia lgi bertapa ke  gunung  pulau lautan
550,sefta13,Baperan ya . Nyari rating gitu amat ??,negatif,baperan ya  nyari rating gitu amat
551,andariniid,Kasian pak mentri jadi yg di pojokan .. ya Allah lindungi sllu beliau..????,negatif,kasian pak mentri jadi yg di pojokan  ya allah lindungi sllu beliau
552,sitohangmario,najwa... jangan terlalu menggiring opini dongg ;(,negatif,najwa jangan terlalu menggiring opini dongg
553,petrahermawan,Anda lagi mengkritik atau membully??,negatif,anda lagi mengkritik atau membully
554,rahjasa.firmando,"Ga jelas ni acara tv ini, siapa sih yg adminnya, jijik gua liat ini di Explore",negatif,ga jelas ni acara tv ini siapa sih yg adminnya jijik gua liat ini di explore
555,ruslanorita,Kalau mau ngobrol undang Anis aja,negatif,kalau mau ngobrol undang anis aja
556,fennychirsst,Mata najwa tak lagi netral.,negatif,mata najwa tak lagi netral
557,q.rex_syantix,Ngapain jg datang ke acara ga bermutu,negatif,ngapain jg datang ke acara ga bermutu
558,ncak_ethnic,Emang penting dateng ke acara ini ya?,negatif,emang penting dateng ke acara ini ya
559,heryanto635,"Mari sma2 kita berdoa agar pandemi ini cepat selesai,, Alfatihah.",negatif,mari sma kita berdoa agar pandemi ini cepat selesai alfatihah
560,alvhin_lamandau,Lagi antri beli odading mang oleh ke nya??,positif,lagi antri beli odading mang oleh ke nya
561,asannopik199,"biasanya kalo ga becus di ganti, ini malah bapak.menteri nya pergi entah kemana",positif,biasanya kalo ga becus di ganti ini malah bapakmenteri nya pergi entah kemana
562,joko_basunondo,Positif thinking aja mungkin pak menteri lagi beli masker ??,positif,positif thinking aja mungkin pak menteri lagi beli masker
563,ayuland_,"Setuju, kita butuh data yg transparan jelas!",positif,setuju kita butuh data yg transparan jelas
564,nindyjeon,Mba nana itu nyindir. Lagi krisis gini kok ngilang tuh menteri,positif,mba nana itu nyindir lagi krisis gini kok ngilang tuh menteri
565,ekopuryanti_m,Kemenkes sudah bubar,positif,kemenkes sudah bubar
566,novieariyade,Kemana pak menteri nya?,positif,kemana pak menteri nya
567,zoyaarumi18,Ah ciut nyalinya pak. Kalah sama bocah. Bocah aj ngotok layangan Ampe ke jalan??,positif,ah ciut nyalinya pak kalah sama bocah bocah aj ngotok layangan ampe ke jalan
568,santosa_112,Pak menkes lagi di danau toba lagi buka lahan buat nanam jagung ????,netral,pak menkes lagi di danau toba lagi buka lahan buat nanam jagung
569,ekokristayano.smart,Msh ggal paham,positif,msh ggal paham
570,m.yazid.st.rajoalam,Emang kita punya menkes??? Kan ada MenHut.,positif,emang kita punya menkes kan ada menhut
571,sanasini,Yg milih dia dulu siapa sih? Udah underperform tp ga di copot,positif,yg milih dia dulu siapa sih udah underperform tp ga di copot
572,vindyvinola,Napa ga dateng? Takut??,positif,napa ga dateng takut
573,ada_anto,Semua kendali di pegang pak Luhut ??,positif,semua kendali di pegang pak luhut
574,daniwyldnt,Cuma org yg merasa bersalah dan memang benar bersalah yg tidak mau hadir di mata najwa..,positif,cuma org yg merasa bersalah dan memang benar bersalah yg tidak mau hadir di mata najwa
